<?xml version="1.0" encoding="UTF-8" standalone="yes"?>
<addon id="plugin.video.cdwizard" name="Celtic Droid Wizard" version="1.0.0" provider-name="Celtic Droid, Original code Mikey1234">
  <requires>
    <import addon="xbmc.python" version="2.1.0"/>
  </requires>
  <extension point="xbmc.python.pluginsource" library="default.py">
        <provides>video executable</provides>
  </extension>
  <extension point="xbmc.addon.metadata">
    <summary lang="en">CelticDroid Wizard</summary>
    <description lang="en">CelticDroid Wizard</description>
    <platform>all</platform>
  </extension>
</addon>
